,mean_fit_time,std_fit_time,mean_score_time,std_score_time,param_n_estimators,param_min_samples_split,param_min_samples_leaf,param_max_features,param_max_depth,param_bootstrap,params,split0_test_precision,split1_test_precision,split2_test_precision,split3_test_precision,split4_test_precision,mean_test_precision,std_test_precision,rank_test_precision,split0_test_recall,split1_test_recall,split2_test_recall,split3_test_recall,split4_test_recall,mean_test_recall,std_test_recall,rank_test_recall,split0_test_f1,split1_test_f1,split2_test_f1,split3_test_f1,split4_test_f1,mean_test_f1,std_test_f1,rank_test_f1
0,2.603796148300171,0.1869170379719726,0.028224849700927736,0.0062833756468051215,100,5,4,sqrt,70,False,"{'n_estimators': 100, 'min_samples_split': 5, 'min_samples_leaf': 4, 'max_features': 'sqrt', 'max_depth': 70, 'bootstrap': False}",0.9235353535353535,0.9133612338215918,0.886147186147186,0.9712300644902526,0.8605741206531721,0.9109695917295113,0.037284844703727595,18,0.8360342143236879,0.8515417331206805,0.8778138528138529,0.8777777777777778,0.8263157894736842,0.8538966735019367,0.021107614567002775,20,0.8601061123334677,0.8715361800651387,0.8768855801211747,0.8925314535406262,0.8254952118588483,0.8653109075838511,0.02247694242401254,18
1,0.9236829280853271,0.036238647522130206,0.015727758407592773,0.00016106603525199904,50,10,6,sqrt,50,True,"{'n_estimators': 50, 'min_samples_split': 10, 'min_samples_leaf': 6, 'max_features': 'sqrt', 'max_depth': 50, 'bootstrap': True}",0.7481640081163541,0.8031812431717555,0.8091821440208536,0.8730158730158731,0.7453041385643266,0.7957694813778325,0.04693585125018382,93,0.7204184704184704,0.7947235513024986,0.7901515151515152,0.8161616161616162,0.7911749069643806,0.7825260119996962,0.03246669751013495,96,0.709429238248448,0.794908668829823,0.7903156493520233,0.8095177027778909,0.7631418465776828,0.7734626211571736,0.03535737248565476,95
2,0.9687740325927734,0.03377619950937387,0.015881967544555665,0.00020846747951548924,50,10,4,sqrt,50,True,"{'n_estimators': 50, 'min_samples_split': 10, 'min_samples_leaf': 4, 'max_features': 'sqrt', 'max_depth': 50, 'bootstrap': True}",0.7396382361697359,0.909848484848485,0.9135353535353535,0.7798676419366075,0.8446507515473033,0.8375080936074971,0.0692318202609089,71,0.7233044733044733,0.8654306220095694,0.8287878787878789,0.8060606060606061,0.8073365231259967,0.8061840206577049,0.046672169516092855,73,0.7165690014047391,0.8747484882146437,0.8452916565191969,0.7897898116214283,0.789135941457923,0.8031069798435861,0.05435698899538017,72
3,0.6767786026000977,0.015866363352428255,0.021157121658325194,0.00567004692177576,50,10,2,log2,50,False,"{'n_estimators': 50, 'min_samples_split': 10, 'min_samples_leaf': 2, 'max_features': 'log2', 'max_depth': 50, 'bootstrap': False}",0.883287419651056,0.8716221033868092,0.886147186147186,0.8756768310059847,0.7841056670602126,0.8601678414502496,0.038383914582952754,57,0.8012218045112782,0.8520008699434537,0.8778138528138529,0.8575757575757575,0.784035847193742,0.8345296264076169,0.03569012610476945,48,0.8194341208221366,0.8527861366977249,0.8768855801211747,0.8563156660123213,0.7771720675892057,0.8365187142485127,0.03492832659865168,48
4,2.5323710441589355,0.04877662036726816,0.044036054611206056,0.006179587494133025,200,10,4,log2,,False,"{'n_estimators': 200, 'min_samples_split': 10, 'min_samples_leaf': 4, 'max_features': 'log2', 'max_depth': None, 'bootstrap': False}",0.9134421134421135,0.8716221033868092,0.9296969696969697,0.7818419302745322,0.729013964092334,0.8451234161785516,0.07747033251027943,69,0.8259332042226778,0.843965975544923,0.8553030303030303,0.8121212121212121,0.78160552897395,0.8237857902331587,0.02576984481950274,52,0.8467982081164724,0.8484834751942519,0.866988354393228,0.7941697054997547,0.7496990076597402,0.8212277501726895,0.04321864077349239,60
5,2.444911527633667,0.06711929678517184,0.034148788452148436,0.006408040615726489,200,5,6,log2,70,False,"{'n_estimators': 200, 'min_samples_split': 5, 'min_samples_leaf': 6, 'max_features': 'log2', 'max_depth': 70, 'bootstrap': False}",0.8446458722118546,0.7778782128687252,0.9216161616161617,0.7818419302745322,0.737198077958266,0.812636050985908,0.06441826778699612,76,0.7491883116883117,0.7985114300903775,0.8401515151515152,0.8121212121212121,0.78160552897395,0.7963155996050733,0.030376286786529014,77,0.7491210207275649,0.786387943607195,0.853970475065188,0.7941697054997547,0.755178752678085,0.7877655795155576,0.03736656824571664,79
6,0.9860448360443115,0.02130259933960204,0.02510218620300293,0.0075543926385000185,100,2,1,log2,50,True,"{'n_estimators': 100, 'min_samples_split': 2, 'min_samples_leaf': 1, 'max_features': 'log2', 'max_depth': 50, 'bootstrap': True}",0.8979338842975206,0.8853071413712145,0.8560680698611733,0.8773951637588001,0.8312816136432737,0.8695971745863964,0.02350191351280886,51,0.821514012303486,0.8431624861050699,0.8497835497835499,0.8323232323232322,0.8174906964380649,0.8328547953906806,0.012310829948535875,49,0.8358080420424847,0.8492661718141236,0.8493434933131293,0.8303854930280594,0.81172664569249,0.8353059691780574,0.013945515409791632,49
7,6.109460496902466,0.14440387217427805,0.0863943099975586,0.007070419579571515,500,5,6,log2,,False,"{'n_estimators': 500, 'min_samples_split': 5, 'min_samples_leaf': 6, 'max_features': 'log2', 'max_depth': None, 'bootstrap': False}",0.8001489549876646,0.7755005904911028,0.8279700228087324,0.8749901613537978,0.7300493176276874,0.801731809453797,0.048752829403212065,89,0.7573906356801093,0.7833599149388623,0.8098484848484848,0.8222222222222222,0.7768208399787347,0.7899284195336826,0.02329532127589413,92,0.7581936920764414,0.7765624155998487,0.8070282297009673,0.8138975966562174,0.7483287578912665,0.7808021383849483,0.025949006756976454,90
8,11.015578746795654,0.33395258285717155,0.08789181709289551,0.013254816037727858,500,5,2,sqrt,10,True,"{'n_estimators': 500, 'min_samples_split': 5, 'min_samples_leaf': 2, 'max_features': 'sqrt', 'max_depth': 10, 'bootstrap': True}",0.915416401780038,0.909848484848485,0.9084813653779171,0.9688250620852501,0.7360578293180176,0.8877258286819416,0.07907874524492872,42,0.831615022404496,0.8654306220095694,0.865909090909091,0.8676767676767677,0.7863902179691653,0.8434043441938179,0.03152893838454988,34,0.8511631743936644,0.8747484882146437,0.8776407698293618,0.876043557168784,0.7564294133206272,0.8472050805854163,0.04641662738544421,39
9,7.0708716869354244,0.08914016409308498,0.07092981338500977,0.01076905748835263,500,5,4,log2,10,False,"{'n_estimators': 500, 'min_samples_split': 5, 'min_samples_leaf': 4, 'max_features': 'log2', 'max_depth': 10, 'bootstrap': False}",0.8917798676419366,0.8517171717171718,0.9216161616161617,0.8749901613537978,0.7384568192170075,0.8557120363092151,0.0628977474528356,59,0.7898581681476419,0.8187134502923977,0.8401515151515152,0.8222222222222222,0.7863902179691653,0.8114671147565884,0.020429262675616632,67,0.8072665276757011,0.8247231446157396,0.853970475065188,0.8138975966562174,0.7577499188856148,0.8115215325796923,0.03127725200519083,66
10,2.0079291343688963,0.12341529874133383,0.021992874145507813,0.007780198778418426,100,10,4,sqrt,,True,"{'n_estimators': 100, 'min_samples_split': 10, 'min_samples_leaf': 4, 'max_features': 'sqrt', 'max_depth': None, 'bootstrap': True}",0.9404302767939131,0.909848484848485,0.9216161616161617,0.7818419302745322,0.7484545235328934,0.8604382754131971,0.07912088093030804,55,0.8149350649350651,0.8654306220095694,0.8401515151515152,0.8121212121212121,0.7924508240297713,0.8250178476494266,0.025261896073744777,50,0.8308231340342818,0.8747484882146437,0.853970475065188,0.7941697054997547,0.7646353575252902,0.8236694320678317,0.03983379083162246,54
11,14.245525932312011,0.09418056159090643,0.0818049430847168,0.006283149246653901,500,10,6,sqrt,30,False,"{'n_estimators': 500, 'min_samples_split': 10, 'min_samples_leaf': 6, 'max_features': 'sqrt', 'max_depth': 30, 'bootstrap': False}",0.923443526170799,0.909848484848485,0.9136363636363637,0.8773951637588001,0.9027318640955005,0.9054110805019896,0.015521499465500112,22,0.8360342143236879,0.8654306220095694,0.8507575757575758,0.8323232323232322,0.852046783625731,0.8473184856079593,0.01195345998213685,30,0.8600823638771172,0.8747484882146437,0.8618460219781684,0.8303854930280594,0.8568072830249424,0.8567739300245861,0.014533460104271282,28
12,0.6316838264465332,0.01878276387156428,0.015005207061767578,0.0012373229523635538,50,10,6,log2,70,False,"{'n_estimators': 50, 'min_samples_split': 10, 'min_samples_leaf': 6, 'max_features': 'log2', 'max_depth': 70, 'bootstrap': False}",0.7678306985314772,0.7843446875704939,0.9320707070707069,0.7818419302745322,0.7874184636331972,0.8107012974160815,0.061054149985011824,81,0.7310378218272955,0.7982456140350878,0.8515151515151516,0.8121212121212121,0.785645933014354,0.7957131465026202,0.03917588079888591,80,0.7271999353940299,0.7887052341597797,0.8681118892066023,0.7941697054997547,0.7692107426083807,0.7894795013737095,0.04581531805252335,77
13,6.426943063735962,0.08323755494552643,0.03282098770141602,0.002983761968413411,200,5,1,sqrt,50,False,"{'n_estimators': 200, 'min_samples_split': 5, 'min_samples_leaf': 1, 'max_features': 'sqrt', 'max_depth': 50, 'bootstrap': False}",0.9284354516956398,0.9224521429125009,0.9186282891612045,0.9758861827827345,0.9073304818520129,0.9305465096808184,0.023692569403454166,2,0.8871705779600515,0.8666932482721957,0.8878787878787878,0.8939393939393938,0.8727804359383307,0.881692488797752,0.010224170824581423,1,0.896314008820196,0.8821316452060582,0.8985295661192277,0.9107898204008044,0.8794428292133,0.8934415739519173,0.011480239925296103,1
14,1.596426010131836,0.021848728123366853,0.01586141586303711,0.000288155720783399,50,5,2,sqrt,,False,"{'n_estimators': 50, 'min_samples_split': 5, 'min_samples_leaf': 2, 'max_features': 'sqrt', 'max_depth': None, 'bootstrap': False}",0.9236328805294322,0.909848484848485,0.9105474810803965,0.952319749216301,0.8882460973370064,0.9169189386023243,0.021028613942874357,11,0.8871705779600515,0.8654306220095694,0.8727272727272727,0.8893939393939394,0.8525784157363105,0.8734601655654288,0.013732579757658766,7,0.8982786503705609,0.8747484882146437,0.8855116867911879,0.9050096102727682,0.8581239739058965,0.8843344819110113,0.016746155279145844,7
15,0.694197702407837,0.011888564787416726,0.028252506256103517,0.006309258915931289,50,10,1,log2,70,False,"{'n_estimators': 50, 'min_samples_split': 10, 'min_samples_leaf': 1, 'max_features': 'log2', 'max_depth': 70, 'bootstrap': False}",0.8911739775376138,0.8997474747474747,0.9185823754789272,0.8746692179294061,0.7670934603536484,0.870253301209414,0.05348781819505343,47,0.8056409964304702,0.85326349620608,0.8867424242424242,0.853030303030303,0.7792511581985266,0.8355856756215608,0.03822066184840336,47,0.825622048852539,0.8630083689694533,0.8948081543580123,0.854073860199087,0.7657448668551475,0.840651459846848,0.04347371768222249,47
16,4.608378076553345,0.06641477659048489,0.08032188415527344,0.016092610550199307,500,2,2,log2,10,True,"{'n_estimators': 500, 'min_samples_split': 2, 'min_samples_leaf': 2, 'max_features': 'log2', 'max_depth': 10, 'bootstrap': True}",0.752679183379962,0.8644910644910645,0.9608391608391608,0.7818419302745322,0.7415139640923339,0.8202730606154107,0.08241715804732715,75,0.7472896255790993,0.8187134502923977,0.8598484848484848,0.8121212121212121,0.7876661350345561,0.8051277815751499,0.03708906906612211,74,0.7402140894740147,0.8300491317599085,0.8725778461487277,0.7941697054997547,0.7591316399981124,0.7992284825761036,0.047845769209117005,74
17,1.288192129135132,0.026142036670114995,0.02526092529296875,0.007875972053199934,100,10,4,log2,,False,"{'n_estimators': 100, 'min_samples_split': 10, 'min_samples_leaf': 4, 'max_features': 'log2', 'max_depth': None, 'bootstrap': False}",0.8979338842975206,0.8668686868686869,0.9608391608391608,0.8285736149372513,0.729013964092334,0.8566458622069908,0.07712769006678204,58,0.821514012303486,0.8338649654439128,0.8598484848484848,0.8176767676767676,0.78160552897395,0.8229019518493204,0.02537659329324944,54,0.8358080420424847,0.8398746597672548,0.8725778461487277,0.8099880954546465,0.7496990076597402,0.8215895302145707,0.04108323484063969,59
18,3.3580321311950683,0.060055008178564136,0.029003477096557616,0.004913459164911028,100,5,1,sqrt,70,False,"{'n_estimators': 100, 'min_samples_split': 5, 'min_samples_leaf': 1, 'max_features': 'sqrt', 'max_depth': 70, 'bootstrap': False}",0.9245771053867006,0.9176987263943785,0.9105474810803965,0.9758861827827345,0.8820477502295684,0.9221514491747558,0.030515867638849826,4,0.8915897698792434,0.8646271325697164,0.8727272727272727,0.8939393939393938,0.8477937267410951,0.8741354591713442,0.017222815831543795,5,0.9020177617026323,0.8784939404803948,0.8855116867911879,0.9107898204008044,0.851669020634538,0.8856964460019114,0.020522371616415132,3
19,0.9303633213043213,0.0057729896340242915,0.028309726715087892,0.006134689090857051,100,2,4,log2,,True,"{'n_estimators': 100, 'min_samples_split': 2, 'min_samples_leaf': 4, 'max_features': 'log2', 'max_depth': None, 'bootstrap': True}",0.8446458722118546,0.7991747697689973,0.8119094167481264,0.8730158730158731,0.7322738355340235,0.812203953455775,0.0475588851500137,79,0.7491883116883117,0.7825564254990092,0.8053030303030304,0.8161616161616162,0.78160552897395,0.7869629825251835,0.023082302176953198,93,0.7491210207275649,0.7825540447013801,0.8018858972859078,0.8095177027778909,0.7502306397703197,0.7786618610526127,0.025249093099789687,94
20,0.6391491889953613,0.016870123707161098,0.01724247932434082,0.004482625636179791,50,2,4,log2,70,False,"{'n_estimators': 50, 'min_samples_split': 2, 'min_samples_leaf': 4, 'max_features': 'log2', 'max_depth': 70, 'bootstrap': False}",0.8957693821330185,0.8798199385155907,0.9148139217104735,0.8749901613537978,0.78497356005193,0.870073392752962,0.04477309481181465,48,0.7926539834434572,0.8300770866560341,0.8742424242424243,0.8222222222222222,0.7917065390749601,0.8221804511278196,0.030243277771421266,58,0.810383859146264,0.8432197994760309,0.8792560859761823,0.8138975966562174,0.7720185646404745,0.823755181179034,0.03581023182035093,51
21,2.132987451553345,0.026811109036773407,0.02186741828918457,0.0076366717658582555,100,5,1,sqrt,,True,"{'n_estimators': 100, 'min_samples_split': 5, 'min_samples_leaf': 1, 'max_features': 'sqrt', 'max_depth': None, 'bootstrap': True}",0.9287419651056016,0.9056998556998558,0.886147186147186,0.9688250620852501,0.8728789875034935,0.9124586113082774,0.033902338786555776,17,0.8404534062428799,0.8580481852012952,0.8778138528138529,0.8676767676767677,0.8323763955342902,0.8552737214938173,0.016813803874429874,18,0.8671983372575799,0.8618965843481551,0.8768855801211747,0.876043557168784,0.8277798847836795,0.8619607887358747,0.017982458098599788,23
22,1.2246600151062013,0.031483923640080784,0.02843647003173828,0.006435065644781364,100,10,6,log2,30,False,"{'n_estimators': 100, 'min_samples_split': 10, 'min_samples_leaf': 6, 'max_features': 'log2', 'max_depth': 30, 'bootstrap': False}",0.8001080171724322,0.7778782128687252,0.9216161616161617,0.7818419302745322,0.7276742684344565,0.8018237180732616,0.06453522000339293,85,0.7500854408749146,0.7985114300903775,0.8401515151515152,0.8121212121212121,0.7686185159869371,0.7938976228449913,0.031784743225105716,85,0.7495377334371571,0.786387943607195,0.853970475065188,0.7941697054997547,0.7455833784782484,0.7859298472175087,0.0391148453655394,83
23,4.710176420211792,0.04613767642071873,0.08596458435058593,0.012663470815006198,500,2,2,log2,,True,"{'n_estimators': 500, 'min_samples_split': 2, 'min_samples_leaf': 2, 'max_features': 'log2', 'max_depth': None, 'bootstrap': True}",0.8153004701391798,0.8692444810091868,0.9296969696969697,0.7818419302745322,0.7314129539913239,0.8254993610222385,0.06875029861597282,73,0.7545046327941065,0.8288144603934078,0.8553030303030303,0.8121212121212121,0.78160552897395,0.8064697729171414,0.03531152011816819,72,0.7603975488257526,0.8386579471869058,0.866988354393228,0.7941697054997547,0.7510195132247279,0.8022466138260738,0.04462751324981398,73
24,15.579943943023682,0.09913088530127666,0.08608126640319824,0.013623428637968126,500,5,1,sqrt,10,False,"{'n_estimators': 500, 'min_samples_split': 5, 'min_samples_leaf': 1, 'max_features': 'sqrt', 'max_depth': 10, 'bootstrap': False}",0.926461163357715,0.876969696969697,0.906483122075326,0.9732961801927318,0.880394857667585,0.912721004052611,0.03527092517057579,16,0.8814887597782334,0.8540669856459331,0.8765151515151515,0.8838383838383838,0.8424774056353005,0.8676773372826003,0.01643362409356181,10,0.891949042543004,0.8565858897137789,0.8858290883024705,0.8967111818582855,0.844528193981516,0.875120679279811,0.020704841059467995,11
25,1.366981077194214,0.019619068211393146,0.02157454490661621,0.007298150938500212,100,2,1,log2,10,False,"{'n_estimators': 100, 'min_samples_split': 2, 'min_samples_leaf': 1, 'max_features': 'log2', 'max_depth': 10, 'bootstrap': False}",0.8959595959595958,0.8668686868686869,0.9245419714385231,0.8756768310059847,0.8216942148760331,0.8769482600297648,0.034008281615570374,44,0.7999591782486519,0.8338649654439128,0.8704545454545454,0.8575757575757575,0.8222753854332802,0.8368259664312296,0.025064246107923342,46,0.8216740569053648,0.8398746597672548,0.8827831022444215,0.8563156660123213,0.8092092092640777,0.8419713388386881,0.02592717726873773,45
26,1.9765644073486328,0.05085234873771579,0.025244379043579103,0.00784415704947731,100,2,4,sqrt,30,True,"{'n_estimators': 100, 'min_samples_split': 2, 'min_samples_leaf': 4, 'max_features': 'sqrt', 'max_depth': 30, 'bootstrap': True}",0.7506130676774827,0.8716221033868092,0.9216161616161617,0.8749901613537978,0.8849097158879767,0.8607502419844456,0.0578610580446471,54,0.7416078073972812,0.843965975544923,0.8401515151515152,0.8222222222222222,0.8282144755828966,0.8152323991797676,0.03764187349371682,65,0.7355865331223206,0.8484834751942519,0.853970475065188,0.8138975966562174,0.836631924608464,0.8177140009292885,0.04330973611002628,63
27,16.362408256530763,0.16331204842790478,0.07252540588378906,0.012349279636819302,500,2,1,sqrt,,False,"{'n_estimators': 500, 'min_samples_split': 2, 'min_samples_leaf': 1, 'max_features': 'sqrt', 'max_depth': None, 'bootstrap': False}",0.9284354516956398,0.9134456695097427,0.886147186147186,0.9732961801927318,0.9072543617998163,0.9217157698690233,0.029149078490707518,6,0.8871705779600515,0.8545261224687063,0.8778138528138529,0.8838383838383838,0.8573631047315257,0.872142408362504,0.013590940736081766,8,0.896314008820196,0.870033283490326,0.8768855801211747,0.8967111818582855,0.8629487977679736,0.8805785704115913,0.013736923316402172,8
28,4.8119385719299315,0.053186834721985064,0.07665529251098632,0.007314254110060534,500,2,1,log2,30,True,"{'n_estimators': 500, 'min_samples_split': 2, 'min_samples_leaf': 1, 'max_features': 'log2', 'max_depth': 30, 'bootstrap': True}",0.8827823691460055,0.8564574314574315,0.8598920236851271,0.8749901613537978,0.7285671041889524,0.8405378179662628,0.05681025644333461,70,0.808526999316473,0.8338649654439128,0.8323593073593074,0.8222222222222222,0.7720361509835194,0.8138019290650871,0.022759649194820868,66,0.8247887582959282,0.834515325655278,0.8380873408022484,0.8138975966562174,0.7455098713514497,0.8113597785522243,0.03398096597069318,67
29,2.530320930480957,0.05186102671790744,0.047292900085449216,0.0022987208451316406,200,5,4,log2,50,False,"{'n_estimators': 200, 'min_samples_split': 5, 'min_samples_leaf': 4, 'max_features': 'log2', 'max_depth': 50, 'bootstrap': False}",0.915416401780038,0.909848484848485,0.9296969696969697,0.8773951637588001,0.8413429752066115,0.8947399990581809,0.03171704663552741,36,0.831615022404496,0.8654306220095694,0.8553030303030303,0.8323232323232322,0.8331206804891015,0.843558517505886,0.01410070697677091,33,0.8511631743936644,0.8747484882146437,0.866988354393228,0.8303854930280594,0.8254918363892685,0.8497554692837728,0.01942948696974338,35
30,1.0335512161254883,0.02580191918077467,0.021182823181152343,0.006910737828052316,50,5,2,sqrt,30,True,"{'n_estimators': 50, 'min_samples_split': 5, 'min_samples_leaf': 2, 'max_features': 'sqrt', 'max_depth': 30, 'bootstrap': True}",0.8787878787878788,0.9120169082125603,0.9401515151515152,0.8788116272442291,0.7647784499358713,0.8749092758664109,0.05965332663366393,46,0.7984259892154628,0.8545261224687063,0.8666666666666667,0.9030303030303031,0.7869218500797448,0.8419141862921767,0.04341038187125958,38,0.8179196214564896,0.8695453463799981,0.8811297685346421,0.8882135926470902,0.7670915256054575,0.8447799709247356,0.045995834622984406,43
31,1.4343718051910401,0.021295719971686437,0.026355838775634764,0.00636050406146568,50,10,6,sqrt,10,False,"{'n_estimators': 50, 'min_samples_split': 10, 'min_samples_leaf': 6, 'max_features': 'sqrt', 'max_depth': 10, 'bootstrap': False}",0.9215151515151515,0.909848484848485,0.9286175094271045,0.8773951637588001,0.8741697696243151,0.9023092158347712,0.02249610312136663,25,0.8417160325055061,0.8654306220095694,0.8924242424242425,0.8323232323232322,0.8294903926482874,0.8522769043821675,0.023722289938853336,25,0.8627789627917363,0.8747484882146437,0.9040434320982098,0.8303854930280594,0.840064942560861,0.862404263738702,0.026117379529622262,21
32,6.800165224075317,0.06612651839817442,0.04264979362487793,0.009404265194050873,200,5,1,sqrt,70,False,"{'n_estimators': 200, 'min_samples_split': 5, 'min_samples_leaf': 1, 'max_features': 'sqrt', 'max_depth': 70, 'bootstrap': False}",0.9284354516956398,0.9224521429125009,0.9186282891612045,0.9758861827827345,0.9073304818520129,0.9305465096808184,0.023692569403454166,2,0.8871705779600515,0.8666932482721957,0.8878787878787878,0.8939393939393938,0.8727804359383307,0.881692488797752,0.010224170824581423,1,0.896314008820196,0.8821316452060582,0.8985295661192277,0.9107898204008044,0.8794428292133,0.8934415739519173,0.011480239925296103,1
33,4.465518283843994,0.3476408612664957,0.034549808502197264,0.006373025976194477,200,10,1,sqrt,50,True,"{'n_estimators': 200, 'min_samples_split': 10, 'min_samples_leaf': 1, 'max_features': 'sqrt', 'max_depth': 50, 'bootstrap': True}",0.8959595959595958,0.9045008912655971,0.9269054178145086,0.9688250620852501,0.9007920110192839,0.9193965956288471,0.026895580444808647,8,0.8158321941216677,0.8553296119085594,0.8583333333333333,0.8676767676767677,0.8573631047315257,0.8509070023543709,0.018043604554031673,27,0.8314430757652927,0.8666460736951168,0.8740150769279716,0.876043557168784,0.8658576272897062,0.8628010821693743,0.016177563574901608,20
34,2.129120922088623,0.15725960450517845,0.026106882095336913,0.0066882912824673645,100,5,6,sqrt,,True,"{'n_estimators': 100, 'min_samples_split': 5, 'min_samples_leaf': 6, 'max_features': 'sqrt', 'max_depth': None, 'bootstrap': True}",0.7972170384193845,0.810757000747513,0.8199902248289345,0.7798676419366075,0.7455275262877143,0.7906718864440309,0.026308024440902196,94,0.7305194805194805,0.8098750664540139,0.8204545454545454,0.8060606060606061,0.7855244171033644,0.7904868231184021,0.032053763362895435,90,0.7287229061288233,0.8045505421080599,0.8149037766139474,0.7897898116214283,0.7623123499186342,0.7800558772781786,0.031173773788947146,92
35,14.746971988677979,0.09109851806534189,0.07544264793395997,0.011685105610264533,500,10,4,sqrt,50,False,"{'n_estimators': 500, 'min_samples_split': 10, 'min_samples_leaf': 4, 'max_features': 'sqrt', 'max_depth': 50, 'bootstrap': False}",0.9255096418732781,0.9277997364953886,0.9165621734587251,0.8773951637588001,0.8669676009102886,0.9028468632992961,0.025532205644173717,24,0.8417160325055061,0.8767942583732058,0.881060606060606,0.8323232323232322,0.8323763955342902,0.8528541049593681,0.021603923821097198,23,0.8644710786106596,0.8902340597255851,0.8906586491574014,0.8303854930280594,0.8319447642878905,0.8615388089619191,0.026556796826937932,24
36,0.46175189018249513,0.02359037377210397,0.018806600570678712,0.006221684556350773,50,10,2,log2,10,True,"{'n_estimators': 50, 'min_samples_split': 10, 'min_samples_leaf': 2, 'max_features': 'log2', 'max_depth': 10, 'bootstrap': True}",0.752679183379962,0.7605490387748453,0.9164983164983164,0.7818419302745322,0.8277402645298644,0.8078617466915039,0.06026225724490039,82,0.7472896255790993,0.7812937992363829,0.8098484848484848,0.8121212121212121,0.7835042150831623,0.7868114673736682,0.02355693490903279,94,0.7402140894740147,0.7692323966110467,0.8286651979223868,0.7941697054997547,0.7688017647550389,0.7802166308524484,0.02964155134222463,91
37,3.2041544914245605,0.033003059316401774,0.028316164016723634,0.006087157173967039,100,5,1,sqrt,30,False,"{'n_estimators': 100, 'min_samples_split': 5, 'min_samples_leaf': 1, 'max_features': 'sqrt', 'max_depth': 30, 'bootstrap': False}",0.9245771053867006,0.9176987263943785,0.9105474810803965,0.9758861827827345,0.8820477502295684,0.9221514491747558,0.030515867638849826,4,0.8915897698792434,0.8646271325697164,0.8727272727272727,0.8939393939393938,0.8477937267410951,0.8741354591713442,0.017222815831543795,5,0.9020177617026323,0.8784939404803948,0.8855116867911879,0.9107898204008044,0.851669020634538,0.8856964460019114,0.020522371616415132,3
38,1.6879955768585204,0.025871055917719637,0.03676004409790039,0.008765622564938923,200,10,6,log2,30,True,"{'n_estimators': 200, 'min_samples_split': 10, 'min_samples_leaf': 6, 'max_features': 'log2', 'max_depth': 30, 'bootstrap': True}",0.7481640081163541,0.7908520690778754,0.8541172089559186,0.7818419302745322,0.7191398735364252,0.778823017992221,0.04544244648556508,97,0.7204184704184704,0.7846225412014886,0.787878787878788,0.8121212121212121,0.762557909926331,0.773519784309258,0.030852664877297965,98,0.709429238248448,0.7807902115295474,0.7832449422813162,0.7941697054997547,0.7369688753957387,0.7609205945909611,0.03232251903459795,98
39,5.923679065704346,0.08969866708519499,0.04382328987121582,0.006551967804033739,200,10,4,sqrt,30,False,"{'n_estimators': 200, 'min_samples_split': 10, 'min_samples_leaf': 4, 'max_features': 'sqrt', 'max_depth': 30, 'bootstrap': False}",0.923443526170799,0.909848484848485,0.906483122075326,0.8749901613537978,0.8413429752066115,0.8912216539310037,0.029561678684274055,40,0.8360342143236879,0.8654306220095694,0.8765151515151515,0.8222222222222222,0.8331206804891015,0.8466645781119466,0.02067409826133371,32,0.8600823638771172,0.8747484882146437,0.8858290883024705,0.8138975966562174,0.8254918363892685,0.8520098746879434,0.02786288186210664,33
40,9.41939663887024,0.17596222508353648,0.06915931701660157,0.007772927898823773,500,2,6,sqrt,30,True,"{'n_estimators': 500, 'min_samples_split': 2, 'min_samples_leaf': 6, 'max_features': 'sqrt', 'max_depth': 30, 'bootstrap': True}",0.8446569548248181,0.810757000747513,0.8360508308895405,0.7798676419366075,0.7340835409800927,0.8010831938757143,0.040383273649341314,90,0.7564935064935064,0.8098750664540139,0.825,0.8060606060606061,0.7803296119085593,0.7955517581833372,0.02424892885013258,81,0.7575562300920174,0.8045505421080599,0.820046109029007,0.7897898116214283,0.751800726090059,0.7847486837881142,0.026413754923821916,87
41,0.5079070568084717,0.019585805237112647,0.017017555236816407,0.0025775771892601854,50,5,2,log2,,True,"{'n_estimators': 50, 'min_samples_split': 5, 'min_samples_leaf': 2, 'max_features': 'log2', 'max_depth': None, 'bootstrap': True}",0.7653267065290528,0.7991747697689973,0.8800281677343146,0.8285736149372513,0.7414933029353091,0.802919312380985,0.04858867988344845,84,0.7354570137464873,0.7825564254990092,0.8588744588744589,0.8176767676767676,0.7768208399787347,0.7942771011550915,0.04152652403584403,83,0.7350542922912736,0.7825540447013801,0.8644900030710967,0.8099880954546465,0.7535283175781249,0.7891229506193044,0.0454952637182358,78
42,14.93523030281067,0.13575665250165053,0.0720832347869873,0.007659275139879836,500,5,4,sqrt,70,False,"{'n_estimators': 500, 'min_samples_split': 5, 'min_samples_leaf': 4, 'max_features': 'sqrt', 'max_depth': 70, 'bootstrap': False}",0.9255096418732781,0.9345973099983795,0.9286175094271045,0.8773951637588001,0.8311386593204776,0.8994516568756079,0.0397945649409556,28,0.8417160325055061,0.8780568846358321,0.8924242424242425,0.8323232323232322,0.8270600744284955,0.8543160932634617,0.02608138889560603,19,0.8644710786106596,0.8955816098755353,0.9040434320982098,0.8303854930280594,0.816153021482175,0.8621269270189277,0.03464916412233233,22
43,0.6599961757659912,0.010143429508978207,0.02188873291015625,0.007675185295967416,50,2,2,log2,70,False,"{'n_estimators': 50, 'min_samples_split': 2, 'min_samples_leaf': 2, 'max_features': 'log2', 'max_depth': 70, 'bootstrap': False}",0.8917687850289732,0.8668686868686869,0.9265973074069026,0.8123860987497351,0.8806123435310038,0.8756466443170602,0.03730817824969152,45,0.8381085288980027,0.8418998598424436,0.8734848484848484,0.8131313131313131,0.8490696438064859,0.8431388388326188,0.01940796452563829,37,0.8417425372526769,0.8448457704685886,0.8910982073882793,0.8062559629276271,0.8519606225595336,0.8471806201193411,0.02706087481685941,40
44,0.5053697109222413,0.006349821192184954,0.019847679138183593,0.00600174591215019,50,2,1,log2,70,True,"{'n_estimators': 50, 'min_samples_split': 2, 'min_samples_leaf': 1, 'max_features': 'log2', 'max_depth': 70, 'bootstrap': True}",0.915416401780038,0.8532649806334017,0.8954765041721564,0.8285736149372513,0.7535610853792672,0.849258517380423,0.05677126632339725,62,0.831615022404496,0.8365835387366488,0.8310606060606062,0.8176767676767676,0.777352472089314,0.8188576813935665,0.021679225517726528,61,0.8511631743936644,0.8335243378904714,0.8439985817951977,0.8099880954546465,0.7586357861205731,0.8194619951309108,0.03344948673243245,61
45,1.7760618209838868,0.04232159358644971,0.039179420471191405,0.007109137136913295,200,10,4,log2,50,True,"{'n_estimators': 200, 'min_samples_split': 10, 'min_samples_leaf': 4, 'max_features': 'log2', 'max_depth': 50, 'bootstrap': True}",0.7507064782724607,0.8061610411515535,0.8591122139509237,0.7818419302745322,0.7297403841369359,0.7855124095572812,0.0451192670236448,96,0.7343026125920864,0.7846225412014886,0.8143939393939393,0.8121212121212121,0.7686185159869371,0.7828117642591328,0.029713103255409736,95,0.7272286274066001,0.7876149131767111,0.812617721456467,0.7941697054997547,0.7453049161861405,0.7733871767451348,0.031914268466916286,96
46,6.6644909381866455,0.06376666947850054,0.08709383010864258,0.019530347438513274,500,5,2,log2,50,False,"{'n_estimators': 500, 'min_samples_split': 5, 'min_samples_leaf': 2, 'max_features': 'log2', 'max_depth': 50, 'bootstrap': False}",0.8959595959595958,0.8716221033868092,0.9084813653779171,0.9688250620852501,0.8462793519611701,0.8982334957541485,0.04123289451437942,29,0.8158321941216677,0.843965975544923,0.865909090909091,0.8676767676767677,0.8228070175438595,0.8432382091592618,0.02135539705417116,36,0.8314430757652927,0.8484834751942519,0.8776407698293618,0.876043557168784,0.8201816907601114,0.8507585137435603,0.023130902108358723,34
47,1.0135790824890136,0.00663894333175248,0.022101879119873047,0.007526055611051525,50,10,2,sqrt,10,True,"{'n_estimators': 50, 'min_samples_split': 10, 'min_samples_leaf': 2, 'max_features': 'sqrt', 'max_depth': 10, 'bootstrap': True}",0.8383807937099473,0.909848484848485,0.9216161616161617,0.9712300644902526,0.8086879769481651,0.8899526963226023,0.05876741234020444,41,0.7947330447330447,0.8654306220095694,0.8401515151515152,0.8777777777777778,0.8065922381711856,0.8369370395686186,0.032224733181182956,45,0.8025751242835881,0.8747484882146437,0.853970475065188,0.8925314535406262,0.7946063260871431,0.8436863734382378,0.038872729325083864,44
48,0.6426166534423828,0.020745424569673775,0.01701774597167969,0.008125061423547523,50,2,4,log2,50,False,"{'n_estimators': 50, 'min_samples_split': 2, 'min_samples_leaf': 4, 'max_features': 'log2', 'max_depth': 50, 'bootstrap': False}",0.8957693821330185,0.8798199385155907,0.9148139217104735,0.8749901613537978,0.78497356005193,0.870073392752962,0.04477309481181465,48,0.7926539834434572,0.8300770866560341,0.8742424242424243,0.8222222222222222,0.7917065390749601,0.8221804511278196,0.030243277771421266,58,0.810383859146264,0.8432197994760309,0.8792560859761823,0.8138975966562174,0.7720185646404745,0.823755181179034,0.03581023182035093,51
49,1.4755388736724853,0.0500516784643808,0.020263004302978515,0.0062240870132345425,50,2,6,sqrt,70,False,"{'n_estimators': 50, 'min_samples_split': 2, 'min_samples_leaf': 6, 'max_features': 'sqrt', 'max_depth': 70, 'bootstrap': False}",0.9031906964508846,0.9399449035812673,0.9286175094271045,0.8799851663488027,0.8964838192110919,0.9096444190038302,0.02178357507658934,20,0.8640825548720286,0.8881578947368421,0.8924242424242425,0.8424242424242423,0.8443760917445128,0.8662930052403736,0.021051698154025893,11,0.8710332289939615,0.903684024395062,0.9040434320982098,0.8444641315705784,0.8574865453483175,0.8761422724812258,0.024144009187468597,10
50,9.597146701812743,0.09674353333324741,0.07003092765808105,0.007188339614525528,500,10,4,sqrt,30,True,"{'n_estimators': 500, 'min_samples_split': 10, 'min_samples_leaf': 4, 'max_features': 'sqrt', 'max_depth': 30, 'bootstrap': True}",0.9113759977396341,0.9045008912655971,0.9216161616161617,0.7818419302745322,0.7360578293180176,0.8510785620427885,0.07679682167894088,60,0.8202513860408597,0.8553296119085594,0.8401515151515152,0.8121212121212121,0.7863902179691653,0.8228487886382624,0.023687308832049274,55,0.8421706517647781,0.8666460736951168,0.853970475065188,0.7941697054997547,0.7564294133206272,0.822677263869093,0.041216433767625224,56
51,1.930935525894165,0.05432033457312599,0.021960020065307617,0.007750257997741984,100,10,4,sqrt,50,True,"{'n_estimators': 100, 'min_samples_split': 10, 'min_samples_leaf': 4, 'max_features': 'sqrt', 'max_depth': 50, 'bootstrap': True}",0.9404302767939131,0.909848484848485,0.9216161616161617,0.7818419302745322,0.7484545235328934,0.8604382754131971,0.07912088093030804,55,0.8149350649350651,0.8654306220095694,0.8401515151515152,0.8121212121212121,0.7924508240297713,0.8250178476494266,0.025261896073744777,50,0.8308231340342818,0.8747484882146437,0.853970475065188,0.7941697054997547,0.7646353575252902,0.8236694320678317,0.03983379083162246,54
52,0.8515181064605712,0.023008488102969807,0.021884822845458986,0.0076685406522585,100,2,6,log2,10,True,"{'n_estimators': 100, 'min_samples_split': 2, 'min_samples_leaf': 6, 'max_features': 'log2', 'max_depth': 10, 'bootstrap': True}",0.7481640081163541,0.7719126751384816,0.8541172089559186,0.7818419302745322,0.7223368028697181,0.7756745250710009,0.04428811174494028,99,0.7204184704184704,0.7780435938330673,0.787878787878788,0.8121212121212121,0.7686185159869371,0.773416116047695,0.030200775810538538,99,0.709429238248448,0.7704129765452715,0.7832449422813162,0.7941697054997547,0.7409401722221389,0.7596394069593859,0.03077776807529531,99
53,7.042504072189331,0.18522115691317007,0.08676266670227051,0.01958825082537403,500,2,1,log2,50,False,"{'n_estimators': 500, 'min_samples_split': 2, 'min_samples_leaf': 1, 'max_features': 'log2', 'max_depth': 50, 'bootstrap': False}",0.915416401780038,0.8716221033868092,0.886147186147186,0.9712300644902526,0.820994031221304,0.893081957405118,0.0496210429856045,38,0.831615022404496,0.843965975544923,0.8778138528138529,0.8777777777777778,0.8127060074428495,0.84877572719678,0.02570206163055098,29,0.8511631743936644,0.8484834751942519,0.8768855801211747,0.8925314535406262,0.8047544350889531,0.8547636236677342,0.029896863958508622,31
54,6.6199378490448,0.2200149372119169,0.07787489891052246,0.009843021966795226,500,2,6,log2,10,False,"{'n_estimators': 500, 'min_samples_split': 2, 'min_samples_leaf': 6, 'max_features': 'log2', 'max_depth': 10, 'bootstrap': False}",0.80005712762311,0.7778782128687252,0.9527583527583527,0.7818419302745322,0.7466930274532156,0.8118457301955871,0.07251790574170967,80,0.7573906356801093,0.7985114300903775,0.8446969696969696,0.8121212121212121,0.7911749069643806,0.8007790309106099,0.028416067542111293,76,0.7581699436200909,0.786387943607195,0.8595599668206879,0.7941697054997547,0.7648884396430614,0.792635199838158,0.035994566093253334,76
55,14.334381151199342,0.18487226909147786,0.06588873863220215,0.006325169045201554,500,2,6,sqrt,10,False,"{'n_estimators': 500, 'min_samples_split': 2, 'min_samples_leaf': 6, 'max_features': 'sqrt', 'max_depth': 10, 'bootstrap': False}",0.923443526170799,0.909848484848485,0.9035573122529644,0.8749901613537978,0.9214141414141414,0.9066507252080376,0.017447881225218433,21,0.8360342143236879,0.8654306220095694,0.8462121212121212,0.8222222222222222,0.8358851674641148,0.8411568694463432,0.014334042951750533,39,0.8600823638771172,0.8747484882146437,0.8570164611232375,0.8138975966562174,0.8337445664071051,0.8478978952556643,0.021489071099813697,37
56,0.8685002326965332,0.03560494534686873,0.029565191268920897,0.003459276940156129,100,10,6,log2,30,True,"{'n_estimators': 100, 'min_samples_split': 10, 'min_samples_leaf': 6, 'max_features': 'log2', 'max_depth': 30, 'bootstrap': True}",0.7481640081163541,0.7590921623179686,0.8541172089559186,0.7798676419366075,0.7267559947889102,0.7735994032231518,0.04375872971932697,100,0.7204184704184704,0.7780435938330673,0.787878787878788,0.8060606060606061,0.7686185159869371,0.7722039948355739,0.02870772152146715,100,0.709429238248448,0.7651069518716578,0.7832449422813162,0.7897898116214283,0.7427610374206133,0.7580663962886927,0.029290718099442916,100
57,0.48732738494873046,0.013942186776953386,0.01881685256958008,0.006218238284816218,50,2,1,log2,,True,"{'n_estimators': 50, 'min_samples_split': 2, 'min_samples_leaf': 1, 'max_features': 'log2', 'max_depth': None, 'bootstrap': True}",0.915416401780038,0.8532649806334017,0.8954765041721564,0.8285736149372513,0.7535610853792672,0.849258517380423,0.05677126632339725,62,0.831615022404496,0.8365835387366488,0.8310606060606062,0.8176767676767676,0.777352472089314,0.8188576813935665,0.021679225517726528,61,0.8511631743936644,0.8335243378904714,0.8439985817951977,0.8099880954546465,0.7586357861205731,0.8194619951309108,0.03344948673243245,61
58,1.858811092376709,0.03672267621231819,0.02519984245300293,0.007604202406853276,100,5,6,sqrt,30,True,"{'n_estimators': 100, 'min_samples_split': 5, 'min_samples_leaf': 6, 'max_features': 'sqrt', 'max_depth': 30, 'bootstrap': True}",0.7972170384193845,0.810757000747513,0.8199902248289345,0.7798676419366075,0.7455275262877143,0.7906718864440309,0.026308024440902196,94,0.7305194805194805,0.8098750664540139,0.8204545454545454,0.8060606060606061,0.7855244171033644,0.7904868231184021,0.032053763362895435,90,0.7287229061288233,0.8045505421080599,0.8149037766139474,0.7897898116214283,0.7623123499186342,0.7800558772781786,0.031173773788947146,92
59,0.4807560920715332,0.015984368916865162,0.015600109100341797,0.0003279202099152291,50,10,1,log2,50,True,"{'n_estimators': 50, 'min_samples_split': 10, 'min_samples_leaf': 1, 'max_features': 'log2', 'max_depth': 50, 'bootstrap': True}",0.7383403931791027,0.7675751825656949,0.9145454545454546,0.7818419302745322,0.7913854057819575,0.7987376732693483,0.060613358992556,92,0.7554919495708969,0.7714586051906626,0.8401515151515152,0.8121212121212121,0.7904306220095694,0.7939307808087712,0.029873204080177507,84,0.7430403146322555,0.7651294410049393,0.8559690706466714,0.7941697054997547,0.775890366857337,0.7868397797281915,0.03832025121810489,82
60,0.6453076362609863,0.02367229404471823,0.021118783950805665,0.00842125324592697,50,2,4,log2,30,False,"{'n_estimators': 50, 'min_samples_split': 2, 'min_samples_leaf': 4, 'max_features': 'log2', 'max_depth': 30, 'bootstrap': False}",0.8957693821330185,0.8798199385155907,0.9148139217104735,0.8749901613537978,0.78497356005193,0.870073392752962,0.04477309481181465,48,0.7926539834434572,0.8300770866560341,0.8742424242424243,0.8222222222222222,0.7917065390749601,0.8221804511278196,0.030243277771421266,58,0.810383859146264,0.8432197994760309,0.8792560859761823,0.8138975966562174,0.7720185646404745,0.823755181179034,0.03581023182035093,51
61,2.0232106685638427,0.028909770480003073,0.028422164916992187,0.006405683747984735,100,5,2,sqrt,10,True,"{'n_estimators': 100, 'min_samples_split': 5, 'min_samples_leaf': 2, 'max_features': 'sqrt', 'max_depth': 10, 'bootstrap': True}",0.846274432638069,0.8716221033868092,0.9055555555555557,0.8749901613537978,0.8418445426047306,0.8680573591077925,0.022928120377390775,52,0.8000493658388396,0.8520008699434537,0.8356060606060606,0.8222222222222222,0.8025518341307815,0.8224860705482715,0.019718552878749098,57,0.8087728438988852,0.8527861366977249,0.8488281426501284,0.8138975966562174,0.7856049290382462,0.8219779297882404,0.025427311317302498,58
62,9.671079778671265,0.13588618101891872,0.06606364250183105,0.006331512995504114,500,2,4,sqrt,50,True,"{'n_estimators': 500, 'min_samples_split': 2, 'min_samples_leaf': 4, 'max_features': 'sqrt', 'max_depth': 50, 'bootstrap': True}",0.8002473414496876,0.909848484848485,0.9136363636363637,0.8749901613537978,0.7340835409800927,0.8465611784536853,0.06943883800353884,67,0.7646958304853041,0.8654306220095694,0.8507575757575758,0.8222222222222222,0.7803296119085593,0.8166871724766462,0.038967486139864387,63,0.7647217588978624,0.8747484882146437,0.8618460219781684,0.8138975966562174,0.751800726090059,0.8134029183673903,0.04954784216211472,64
63,1.2249382495880128,0.03347647501678156,0.02374100685119629,0.007091538588016075,100,5,6,log2,,False,"{'n_estimators': 100, 'min_samples_split': 5, 'min_samples_leaf': 6, 'max_features': 'log2', 'max_depth': None, 'bootstrap': False}",0.8001080171724322,0.7778782128687252,0.9216161616161617,0.7818419302745322,0.7276742684344565,0.8018237180732616,0.06453522000339293,85,0.7500854408749146,0.7985114300903775,0.8401515151515152,0.8121212121212121,0.7686185159869371,0.7938976228449913,0.031784743225105716,85,0.7495377334371571,0.786387943607195,0.853970475065188,0.7941697054997547,0.7455833784782484,0.7859298472175087,0.0391148453655394,83
64,10.58571653366089,0.7147567741021582,0.08429465293884278,0.01218756079922775,500,5,2,sqrt,,True,"{'n_estimators': 500, 'min_samples_split': 5, 'min_samples_leaf': 2, 'max_features': 'sqrt', 'max_depth': None, 'bootstrap': True}",0.915416401780038,0.8997474747474747,0.886147186147186,0.9688250620852501,0.8288429752066115,0.8997958199933122,0.045231919184569674,27,0.831615022404496,0.8452286018075491,0.8778138528138529,0.8676767676767677,0.8270600744284955,0.8498788638262322,0.01986463682582892,28,0.8511631743936644,0.8580372582681196,0.8768855801211747,0.876043557168784,0.8160592040508964,0.8556377548005278,0.022181559987064364,29
65,1.5823160648345946,0.048998873476470584,0.015722227096557618,0.0001566179903095446,50,10,2,sqrt,30,False,"{'n_estimators': 50, 'min_samples_split': 10, 'min_samples_leaf': 2, 'max_features': 'sqrt', 'max_depth': 30, 'bootstrap': False}",0.9337338906304424,0.9045008912655971,0.9186282891612045,0.8300550964187328,0.9296864751410205,0.9033209285233994,0.03800968315660731,23,0.8915897698792434,0.8553296119085594,0.8878787878787878,0.8232323232323234,0.8722488038277512,0.8660558593453331,0.024961894910400774,12,0.9036688238188106,0.8666460736951168,0.8985295661192277,0.8206575034161241,0.8795034514126189,0.8738010836923797,0.02970363962093375,14
66,1.7325141429901123,0.4304679985067602,0.02722759246826172,0.01007642726114559,50,5,4,sqrt,10,False,"{'n_estimators': 50, 'min_samples_split': 5, 'min_samples_leaf': 4, 'max_features': 'sqrt', 'max_depth': 10, 'bootstrap': False}",0.9327823691460057,0.9224521429125009,0.9608391608391608,0.9431553295189659,0.9017676767676766,0.9321993358368619,0.01980760937201671,1,0.8518170426065163,0.8666932482721957,0.8598484848484848,0.9186868686868688,0.8459861775651251,0.868606364395838,0.026007581801906127,9,0.8761908598864662,0.8821316452060582,0.8725778461487277,0.9194039343964383,0.8517525082939831,0.8804113587863347,0.022017659189050204,9
67,1.6248957157135009,0.14534603712568503,0.04111237525939941,0.009639357354078644,100,5,1,log2,50,True,"{'n_estimators': 100, 'min_samples_split': 5, 'min_samples_leaf': 1, 'max_features': 'log2', 'max_depth': 50, 'bootstrap': True}",0.8937950937950938,0.7984278266536332,0.9299586776859505,0.8749901613537978,0.7415162597764479,0.8477376038529847,0.06832090063402903,64,0.8028451811346549,0.7926574356000192,0.8494490358126722,0.8222222222222222,0.7828814460393407,0.8100110641617817,0.023634637599933964,68,0.8202874525921772,0.7912709641041595,0.8660222918843609,0.8138975966562174,0.7587792589195336,0.8100515128312896,0.03530962464560704,68
68,7.220131731033325,1.079932630493771,0.06353073120117188,0.010088365292342045,200,5,4,sqrt,30,False,"{'n_estimators': 200, 'min_samples_split': 5, 'min_samples_leaf': 4, 'max_features': 'sqrt', 'max_depth': 30, 'bootstrap': False}",0.9235353535353535,0.9399449035812673,0.9165621734587251,0.8773951637588001,0.8311386593204776,0.8977152507309247,0.03911668759848596,32,0.8360342143236879,0.8881578947368421,0.881060606060606,0.8323232323232322,0.8270600744284955,0.8529272043745728,0.026121619485126733,21,0.8601061123334677,0.903684024395062,0.8906586491574014,0.8303854930280594,0.816153021482175,0.860197460079233,0.03360845016138529,25
69,3.381280708312988,0.6722129143771203,0.07101545333862305,0.016397748830396214,200,2,6,log2,50,False,"{'n_estimators': 200, 'min_samples_split': 2, 'min_samples_leaf': 6, 'max_features': 'log2', 'max_depth': 50, 'bootstrap': False}",0.8446458722118546,0.7778782128687252,0.9216161616161617,0.7818419302745322,0.737198077958266,0.812636050985908,0.06441826778699612,76,0.7491883116883117,0.7985114300903775,0.8401515151515152,0.8121212121212121,0.78160552897395,0.7963155996050733,0.030376286786529014,77,0.7491210207275649,0.786387943607195,0.853970475065188,0.7941697054997547,0.755178752678085,0.7877655795155576,0.03736656824571664,79
70,15.524174165725707,0.8136586663374936,0.09759979248046875,0.03027881343275783,500,2,2,sqrt,10,False,"{'n_estimators': 500, 'min_samples_split': 2, 'min_samples_leaf': 2, 'max_features': 'sqrt', 'max_depth': 10, 'bootstrap': False}",0.9255096418732781,0.876969696969697,0.886147186147186,0.9732961801927318,0.8924373606191789,0.9108720131604142,0.035246439060591196,19,0.8417160325055061,0.8540669856459331,0.8778138528138529,0.8838383838383838,0.8525784157363105,0.8620027341079972,0.016063195299885827,16,0.8644710786106596,0.8565858897137789,0.8768855801211747,0.8967111818582855,0.8571801761456933,0.8703667812899184,0.015067056895453752,17
71,6.779543542861939,0.06784298748070859,0.07729864120483398,0.014753087135731749,500,10,2,log2,,False,"{'n_estimators': 500, 'min_samples_split': 10, 'min_samples_leaf': 2, 'max_features': 'log2', 'max_depth': None, 'bootstrap': False}",0.9111111111111111,0.8668686868686869,0.9136363636363637,0.9688250620852501,0.829878328741965,0.8980639104886754,0.04699422698849483,30,0.8129461912356649,0.8418998598424436,0.8507575757575758,0.8676767676767677,0.8222753854332802,0.8391111559891465,0.01963394348801344,43,0.8355753071702513,0.8448457704685886,0.8618460219781684,0.876043557168784,0.8146889542824226,0.846599922213643,0.02117687539231648,41
72,4.490719509124756,0.029795730371949516,0.07545228004455566,0.013185684352887313,500,10,4,log2,,True,"{'n_estimators': 500, 'min_samples_split': 10, 'min_samples_leaf': 4, 'max_features': 'log2', 'max_depth': None, 'bootstrap': True}",0.748732189934536,0.7755005904911028,0.864603019441729,0.7818419302745322,0.7216136623738504,0.7784582785031501,0.04807507490069669,98,0.7286207944102682,0.7833599149388623,0.8143939393939393,0.8121212121212121,0.7686185159869371,0.7814228753702438,0.03157607460512333,97,0.7226248195112561,0.7765624155998487,0.8156891936469467,0.7941697054997547,0.7415726832910827,0.7701237635097777,0.033962290420808165,97
73,6.036550617218017,0.17069171392767696,0.04410419464111328,0.011873305192857302,200,2,4,sqrt,70,False,"{'n_estimators': 200, 'min_samples_split': 2, 'min_samples_leaf': 4, 'max_features': 'sqrt', 'max_depth': 70, 'bootstrap': False}",0.9235353535353535,0.9399449035812673,0.9165621734587251,0.8773951637588001,0.8311386593204776,0.8977152507309247,0.03911668759848596,32,0.8360342143236879,0.8881578947368421,0.881060606060606,0.8323232323232322,0.8270600744284955,0.8529272043745728,0.026121619485126733,21,0.8601061123334677,0.903684024395062,0.8906586491574014,0.8303854930280594,0.816153021482175,0.860197460079233,0.03360845016138529,25
74,1.4124391555786133,0.0805753000362198,0.03140225410461426,0.000205780101833673,100,10,6,log2,50,False,"{'n_estimators': 100, 'min_samples_split': 10, 'min_samples_leaf': 6, 'max_features': 'log2', 'max_depth': 50, 'bootstrap': False}",0.8001080171724322,0.7778782128687252,0.9216161616161617,0.7818419302745322,0.7276742684344565,0.8018237180732616,0.06453522000339293,85,0.7500854408749146,0.7985114300903775,0.8401515151515152,0.8121212121212121,0.7686185159869371,0.7938976228449913,0.031784743225105716,85,0.7495377334371571,0.786387943607195,0.853970475065188,0.7941697054997547,0.7455833784782484,0.7859298472175087,0.0391148453655394,83
75,0.6752537727355957,0.034219256905147766,0.02375001907348633,0.010218852483084824,50,5,2,log2,10,False,"{'n_estimators': 50, 'min_samples_split': 5, 'min_samples_leaf': 2, 'max_features': 'log2', 'max_depth': 10, 'bootstrap': False}",0.8463253221873912,0.8879186602870813,0.878066378066378,0.8722531134554594,0.8432310114128296,0.8655588970818279,0.017718202536931602,53,0.7927441710336448,0.8280109709535547,0.8626623376623376,0.8165404040404041,0.814604693552062,0.8229125154484006,0.022916349306825307,53,0.8023078499897506,0.8449058387011477,0.8638677007931349,0.809477345426894,0.8135732045422785,0.8268263878906412,0.023565738890268646,50
76,9.278156089782716,0.04514463011763823,0.07509803771972656,0.011562270017254433,500,2,6,sqrt,50,True,"{'n_estimators': 500, 'min_samples_split': 2, 'min_samples_leaf': 6, 'max_features': 'sqrt', 'max_depth': 50, 'bootstrap': True}",0.8446569548248181,0.810757000747513,0.8360508308895405,0.7798676419366075,0.7340835409800927,0.8010831938757143,0.040383273649341314,90,0.7564935064935064,0.8098750664540139,0.825,0.8060606060606061,0.7803296119085593,0.7955517581833372,0.02424892885013258,81,0.7575562300920174,0.8045505421080599,0.820046109029007,0.7897898116214283,0.751800726090059,0.7847486837881142,0.026413754923821916,87
77,6.163813257217408,0.08863843553950244,0.0344489574432373,0.006221515988613848,200,10,2,sqrt,,False,"{'n_estimators': 200, 'min_samples_split': 10, 'min_samples_leaf': 2, 'max_features': 'sqrt', 'max_depth': None, 'bootstrap': False}",0.9284354516956398,0.9224521429125009,0.906483122075326,0.9420866489832007,0.897317329135511,0.9193549389604356,0.015875257107419587,9,0.8871705779600515,0.8666932482721957,0.8765151515151515,0.8792929292929293,0.8626794258373206,0.8744702665755298,0.008811849730562878,3,0.896314008820196,0.8821316452060582,0.8858290883024705,0.8916857360793287,0.8665862872759426,0.8845093531367991,0.010192956918435418,5
78,5.687442970275879,0.09410925502742928,0.03905916213989258,0.007010216435309734,200,10,6,sqrt,70,False,"{'n_estimators': 200, 'min_samples_split': 10, 'min_samples_leaf': 6, 'max_features': 'sqrt', 'max_depth': 70, 'bootstrap': False}",0.923443526170799,0.909848484848485,0.9256916996047431,0.8799851663488027,0.9351056014692378,0.9148148956884136,0.01919503139367744,14,0.8360342143236879,0.8654306220095694,0.8621212121212122,0.8424242424242423,0.8568314726209462,0.8525683526999316,0.011411835886547558,24,0.8600823638771172,0.8747484882146437,0.8752308049189765,0.8444641315705784,0.8616345749851189,0.863232072713287,0.01132524330885709,19
79,2.653414249420166,0.03826677474130202,0.037671566009521484,0.007684818419045992,200,2,2,log2,70,False,"{'n_estimators': 200, 'min_samples_split': 2, 'min_samples_leaf': 2, 'max_features': 'log2', 'max_depth': 70, 'bootstrap': False}",0.9130853994490358,0.9045008912655971,0.9349965168930686,0.8749901613537978,0.8471402335038699,0.8949426404930738,0.03068551584313151,35,0.818628009417483,0.8553296119085594,0.8818181818181817,0.8222222222222222,0.8228070175438595,0.8401610085820612,0.0247064271918886,40,0.8399402734474433,0.8666460736951168,0.8969245163858356,0.8138975966562174,0.8193928173057029,0.8473602554980632,0.030937168617447018,38
80,4.705582857131958,0.03687535429504084,0.08176798820495605,0.023387625667107666,500,5,1,log2,10,True,"{'n_estimators': 500, 'min_samples_split': 5, 'min_samples_leaf': 1, 'max_features': 'log2', 'max_depth': 10, 'bootstrap': True}",0.8444444444444443,0.7664941170883446,0.9527583527583527,0.8756768310059847,0.7314129539913239,0.8341573398576901,0.07877894829159135,72,0.7797571580466318,0.7711927891353728,0.8446969696969696,0.8575757575757575,0.78160552897395,0.8069656406857364,0.03646414902935931,71,0.7893461363786863,0.7644640538841165,0.8595599668206879,0.8563156660123213,0.7510195132247279,0.804141067264108,0.045625646421324405,71
81,9.820201778411866,0.12967314039931635,0.07226505279541015,0.01261939957414953,500,5,4,sqrt,,True,"{'n_estimators': 500, 'min_samples_split': 5, 'min_samples_leaf': 4, 'max_features': 'sqrt', 'max_depth': None, 'bootstrap': True}",0.8002473414496876,0.909848484848485,0.9136363636363637,0.8749901613537978,0.7340835409800927,0.8465611784536853,0.06943883800353884,67,0.7646958304853041,0.8654306220095694,0.8507575757575758,0.8222222222222222,0.7803296119085593,0.8166871724766462,0.038967486139864387,63,0.7647217588978624,0.8747484882146437,0.8618460219781684,0.8138975966562174,0.751800726090059,0.8134029183673903,0.04954784216211472,64
82,2.956605100631714,0.04997176061975189,0.03009028434753418,0.007887062611339797,100,2,4,sqrt,10,False,"{'n_estimators': 100, 'min_samples_split': 2, 'min_samples_leaf': 4, 'max_features': 'sqrt', 'max_depth': 10, 'bootstrap': False}",0.9316161616161616,0.909848484848485,0.9296969696969697,0.8461856325492689,0.8605741206531721,0.8955842738728116,0.03558476432006844,34,0.8417160325055061,0.8654306220095694,0.8553030303030303,0.8277777777777778,0.8263157894736842,0.8433086504139136,0.01526924055596398,35,0.8677029518722308,0.8747484882146437,0.866988354393228,0.8253600472491026,0.8254952118588483,0.8520590107176107,0.021913012785209567,32
83,6.258537626266479,0.054517972689818714,0.0373936653137207,0.005953565603968935,200,5,2,sqrt,,False,"{'n_estimators': 200, 'min_samples_split': 5, 'min_samples_leaf': 2, 'max_features': 'sqrt', 'max_depth': None, 'bootstrap': False}",0.9262626262626263,0.9045008912655971,0.906483122075326,0.9732961801927318,0.8676308539944902,0.9156347347581543,0.03449603287748006,13,0.849021227310701,0.8553296119085594,0.8765151515151515,0.8838383838383838,0.837692716640085,0.8604794182425761,0.01720366489981399,17,0.8699943917777724,0.8666460736951168,0.8858290883024705,0.8967111818582855,0.8395538911819471,0.8717469253631185,0.019426800698538794,16
84,0.9711752891540527,0.02731896682548683,0.023391246795654297,0.00697863402909624,100,5,1,log2,70,True,"{'n_estimators': 100, 'min_samples_split': 5, 'min_samples_leaf': 1, 'max_features': 'log2', 'max_depth': 70, 'bootstrap': True}",0.8937950937950938,0.7984278266536332,0.9299586776859505,0.8749901613537978,0.7415162597764479,0.8477376038529847,0.06832090063402903,64,0.8028451811346549,0.7926574356000192,0.8494490358126722,0.8222222222222222,0.7828814460393407,0.8100110641617817,0.023634637599933964,68,0.8202874525921772,0.7912709641041595,0.8660222918843609,0.8138975966562174,0.7587792589195336,0.8100515128312896,0.03530962464560704,68
85,4.454771995544434,0.2605593741397464,0.042322206497192386,0.006426375702022236,200,2,1,sqrt,30,True,"{'n_estimators': 200, 'min_samples_split': 2, 'min_samples_leaf': 1, 'max_features': 'sqrt', 'max_depth': 30, 'bootstrap': True}",0.9255096418732781,0.8997474747474747,0.876068134763787,0.9712300644902526,0.8335835629017446,0.9012277757553073,0.0462620099191027,26,0.8417160325055061,0.8452286018075491,0.8732683982683983,0.8777777777777778,0.8209994683678894,0.8517980557454241,0.02111529998383137,26,0.8644710786106596,0.8580372582681196,0.8720560192662439,0.8925314535406262,0.8133451994500812,0.8600882018271461,0.02609259467973192,27
86,5.0395725727081295,0.1958791949047609,0.0818507194519043,0.006396130138782774,500,5,1,log2,50,True,"{'n_estimators': 500, 'min_samples_split': 5, 'min_samples_leaf': 1, 'max_features': 'log2', 'max_depth': 50, 'bootstrap': True}",0.8001489549876646,0.8602380076064287,0.9527583527583527,0.7818419302745322,0.7300493176276874,0.8250073126509332,0.07623613200553311,74,0.7573906356801093,0.8166473345899182,0.8446969696969696,0.8121212121212121,0.7768208399787347,0.8015353984133888,0.030863962085012145,75,0.7581936920764414,0.8265595854711735,0.8595599668206879,0.7941697054997547,0.7483287578912665,0.7973623415518648,0.04164058595854593,75
87,4.660585117340088,0.055277606753806385,0.06905288696289062,0.006042657909247439,500,10,2,log2,70,True,"{'n_estimators': 500, 'min_samples_split': 10, 'min_samples_leaf': 2, 'max_features': 'log2', 'max_depth': 70, 'bootstrap': True}",0.7981337288345074,0.7579732811990877,0.9527583527583527,0.7818419302745322,0.7314129539913239,0.8044240494115608,0.07751242443512006,83,0.7444036226930965,0.7732589048378522,0.8446969696969696,0.8121212121212121,0.78160552897395,0.7912172476646161,0.03436119641370655,89,0.7451727671599652,0.7626276130286825,0.8595599668206879,0.7941697054997547,0.7510195132247279,0.7825099131467637,0.0420801025296854,89
88,10.377787971496582,0.1865237183686723,0.0847973346710205,0.01259640067345247,500,2,2,sqrt,,True,"{'n_estimators': 500, 'min_samples_split': 2, 'min_samples_leaf': 2, 'max_features': 'sqrt', 'max_depth': None, 'bootstrap': True}",0.8827823691460055,0.876969696969697,0.9326227795193311,0.8749901613537978,0.8288429752066115,0.8792415964390885,0.03294038563231029,43,0.808526999316473,0.8540669856459331,0.8856060606060606,0.8222222222222222,0.8270600744284955,0.8394964684438369,0.027388194382119167,42,0.8247887582959282,0.8565858897137789,0.8958009815724612,0.8138975966562174,0.8160592040508964,0.8414264860578564,0.031191492477466744,46
89,6.523513603210449,0.07501630669643224,0.0754930019378662,0.006265998739354586,500,10,2,log2,50,False,"{'n_estimators': 500, 'min_samples_split': 10, 'min_samples_leaf': 2, 'max_features': 'log2', 'max_depth': 50, 'bootstrap': False}",0.9111111111111111,0.8668686868686869,0.9136363636363637,0.9688250620852501,0.829878328741965,0.8980639104886754,0.04699422698849483,30,0.8129461912356649,0.8418998598424436,0.8507575757575758,0.8676767676767677,0.8222753854332802,0.8391111559891465,0.01963394348801344,43,0.8355753071702513,0.8448457704685886,0.8618460219781684,0.876043557168784,0.8146889542824226,0.846599922213643,0.02117687539231648,41
90,1.4073815822601319,0.036374004639939235,0.028210544586181642,0.006295176253006256,100,2,1,log2,50,False,"{'n_estimators': 100, 'min_samples_split': 2, 'min_samples_leaf': 1, 'max_features': 'log2', 'max_depth': 50, 'bootstrap': False}",0.900264886628523,0.8814793901750423,0.9349965168930686,0.877742946708464,0.8700298438934803,0.8929027168597157,0.02327904158794232,39,0.818628009417483,0.8330614760040597,0.8818181818181817,0.8636363636363636,0.837692716640085,0.8469673495032346,0.022693377334509615,31,0.8391902987844252,0.8401391876871395,0.8969245163858356,0.8604953943299808,0.8408743967469348,0.8555247587868632,0.02216668958817736,30
91,1.0468199729919434,0.04383539313805288,0.018634510040283204,0.008323465878511222,50,10,2,sqrt,30,True,"{'n_estimators': 50, 'min_samples_split': 10, 'min_samples_leaf': 2, 'max_features': 'sqrt', 'max_depth': 30, 'bootstrap': True}",0.9098537825810553,0.9045008912655971,0.917610891523935,0.965352272248824,0.7758285384069084,0.894629275205264,0.06320244693325146,37,0.8250360750360751,0.8553296119085594,0.8469696969696969,0.8797520661157023,0.7922381711855396,0.8398651242431147,0.02955950210088943,41,0.8445452712240371,0.8666460736951168,0.8622129255909368,0.8982743839041767,0.7752330217642552,0.8493823352357046,0.040925813404254385,36
92,1.2021628856658935,0.022325947120940246,0.025829839706420898,0.006813061623452723,100,5,6,log2,30,False,"{'n_estimators': 100, 'min_samples_split': 5, 'min_samples_leaf': 6, 'max_features': 'log2', 'max_depth': 30, 'bootstrap': False}",0.8001080171724322,0.7778782128687252,0.9216161616161617,0.7818419302745322,0.7276742684344565,0.8018237180732616,0.06453522000339293,85,0.7500854408749146,0.7985114300903775,0.8401515151515152,0.8121212121212121,0.7686185159869371,0.7938976228449913,0.031784743225105716,85,0.7495377334371571,0.786387943607195,0.853970475065188,0.7941697054997547,0.7455833784782484,0.7859298472175087,0.0391148453655394,83
93,0.9860220909118652,0.04287881962553068,0.02877631187438965,0.006626739830685174,100,5,1,log2,30,True,"{'n_estimators': 100, 'min_samples_split': 5, 'min_samples_leaf': 1, 'max_features': 'log2', 'max_depth': 30, 'bootstrap': True}",0.8937950937950938,0.7984278266536332,0.9299586776859505,0.8749901613537978,0.7415162597764479,0.8477376038529847,0.06832090063402903,64,0.8028451811346549,0.7926574356000192,0.8494490358126722,0.8222222222222222,0.7828814460393407,0.8100110641617817,0.023634637599933964,68,0.8202874525921772,0.7912709641041595,0.8660222918843609,0.8138975966562174,0.7587792589195336,0.8100515128312896,0.03530962464560704,68
94,6.113936948776245,0.13708309236255767,0.034889841079711915,0.006069804945520234,200,5,2,sqrt,10,False,"{'n_estimators': 200, 'min_samples_split': 5, 'min_samples_leaf': 2, 'max_features': 'sqrt', 'max_depth': 10, 'bootstrap': False}",0.9255096418732781,0.9277997364953886,0.9165621734587251,0.9732961801927318,0.8602527248772308,0.9206840913794709,0.03608570491746516,7,0.8417160325055061,0.8767942583732058,0.881060606060606,0.8838383838383838,0.8323763955342902,0.8631571352623982,0.021639751669852582,14,0.8644710786106596,0.8902340597255851,0.8906586491574014,0.8967111818582855,0.8300300816581376,0.8744210102020139,0.02481983433549324,13
95,2.5806273460388183,0.20081738818126987,0.041740703582763675,0.008484928405965965,200,2,6,log2,30,False,"{'n_estimators': 200, 'min_samples_split': 2, 'min_samples_leaf': 6, 'max_features': 'log2', 'max_depth': 30, 'bootstrap': False}",0.8446458722118546,0.7778782128687252,0.9216161616161617,0.7818419302745322,0.737198077958266,0.812636050985908,0.06441826778699612,76,0.7491883116883117,0.7985114300903775,0.8401515151515152,0.8121212121212121,0.78160552897395,0.7963155996050733,0.030376286786529014,77,0.7491210207275649,0.786387943607195,0.853970475065188,0.7941697054997547,0.755178752678085,0.7877655795155576,0.03736656824571664,79
96,9.866841077804565,0.4790939963351921,0.07865290641784668,0.01400038725800458,500,10,4,sqrt,70,True,"{'n_estimators': 500, 'min_samples_split': 10, 'min_samples_leaf': 4, 'max_features': 'sqrt', 'max_depth': 70, 'bootstrap': True}",0.9113759977396341,0.9045008912655971,0.9216161616161617,0.7818419302745322,0.7360578293180176,0.8510785620427885,0.07679682167894088,60,0.8202513860408597,0.8553296119085594,0.8401515151515152,0.8121212121212121,0.7863902179691653,0.8228487886382624,0.023687308832049274,55,0.8421706517647781,0.8666460736951168,0.853970475065188,0.7941697054997547,0.7564294133206272,0.822677263869093,0.041216433767625224,56
97,7.0917877674102785,0.2452891738191235,0.043802738189697266,0.011703649799405167,200,10,2,sqrt,30,False,"{'n_estimators': 200, 'min_samples_split': 10, 'min_samples_leaf': 2, 'max_features': 'sqrt', 'max_depth': 30, 'bootstrap': False}",0.9284354516956398,0.9224521429125009,0.906483122075326,0.9420866489832007,0.897317329135511,0.9193549389604356,0.015875257107419587,9,0.8871705779600515,0.8666932482721957,0.8765151515151515,0.8792929292929293,0.8626794258373206,0.8744702665755298,0.008811849730562878,3,0.896314008820196,0.8821316452060582,0.8858290883024705,0.8916857360793287,0.8665862872759426,0.8845093531367991,0.010192956918435418,5
98,3.453869438171387,0.18980687403964475,0.0354313850402832,0.006234226610227745,100,2,1,sqrt,70,False,"{'n_estimators': 100, 'min_samples_split': 2, 'min_samples_leaf': 1, 'max_features': 'sqrt', 'max_depth': 70, 'bootstrap': False}",0.9206611570247933,0.9176987263943785,0.8882133018496655,0.9732961801927318,0.8820395513577334,0.9163817833638606,0.032348564710811996,12,0.8388300296195034,0.8646271325697164,0.8846320346320347,0.8838383838383838,0.8477937267410951,0.8639442614801467,0.018524528547959968,13,0.8630857831450257,0.8784939404803948,0.8847564970830007,0.8967111818582855,0.8516239356912,0.8749342676515812,0.015919419683035257,12
99,1.561733341217041,0.06676940314454327,0.02350926399230957,0.006919973185801217,50,10,1,sqrt,70,False,"{'n_estimators': 50, 'min_samples_split': 10, 'min_samples_leaf': 1, 'max_features': 'sqrt', 'max_depth': 70, 'bootstrap': False}",0.9284354516956398,0.9045008912655971,0.925299547196099,0.9420866489832007,0.8659307589643558,0.9132506596209785,0.02654430006262082,15,0.8871705779600515,0.8553296119085594,0.8742424242424243,0.8792929292929293,0.8193893825472773,0.8630849851902485,0.02423531795699077,15,0.896314008820196,0.8666460736951168,0.8870478908933744,0.8916857360793287,0.819572683319092,0.8722532785614217,0.02822093393678671,15
